{
  "train_loss": [
    2.055317011833191,
    1.76107684135437,
    1.6879717350006103,
    1.650794644355774,
    1.6278615550994873,
    NaN,
    NaN,
    NaN,
    NaN,
    NaN
  ],
  "val_loss": [
    NaN,
    1.4452660009264946,
    1.3751544803380966,
    1.341682530939579,
    1.2986677214503288,
    NaN,
    NaN,
    NaN,
    NaN,
    NaN
  ],
  "train_acc": [
    32.575,
    45.25,
    46.775,
    49.425,
    49.375,
    11.025,
    10.0,
    10.0,
    10.0,
    10.0
  ],
  "val_acc": [
    56.0,
    62.8,
    65.2,
    65.0,
    67.4,
    10.0,
    10.0,
    10.0,
    10.0,
    10.0
  ]
}